品名,ふりがな,単位,税区分,メモ
染色堅牢度試験,せんしょくけんろうどしけん,,,
物性試験,ぶっせいしけん,,,
摩擦試験,まさつしけん,,,
混用率試験,こんようりつしけん,,,
寸法変化率試験,すんぽうへんかりつしけん,,,
伸縮疲労性試験,しんしゅくひろうせいしけん,,,
耐洗濯性試験,たいせんたくせいしけん,,,
苦情原因究明試験,くじょうげんいんきゅうめいしけん,,,
実用耐久性試験,じつようたいきゅうせいしけん,,,
千趣会様全データ試験,せんしゅかいさまぜんでーたしけん,,,
シャルレ様全データ試験,しゃるれさまぜんでーたしけん,,,
ワコール様全データ試験,わこーるさまぜんでーたしけん,,,
染色堅牢度・物性試験,せんしょくけんろうど・ぶっせいしけん,,,
シミの原因調査,しみのげんいんちょうさ,,,
黄変原因調査,きへんげんいんちょうさ,,,
サーモグラフィ解析,さーもぐらふぃかいせき,,,
紫外線透過率測定,しがいせんとうかりつそくてい,,,
風合変化試験,ふうあいへんかしけん,,,
羽毛吹出し試験,うもうふきだししけん,,,
ホルムアルデヒドの溶出量試験,ほるむあるでひどのようしゅつりょうしけん,,,
帯電性試験,たいでんせいしけん,,,
吸水性試験,きゅうすいせいしけん,,,
色泣き試験,いろなきしけん,,,
組成繊維確認試験,そせいせんいかくにんしけん,,,
大丸H/S品質基準に基づく品質検査,だいまるH/Sひんしつきじゅんにもとづくひんしつけんさ,,,
総合試験,そうごうしけん,,,
繊維製品品質管理セミナー参加費,せんいせいひんひんしつかんりせみなーさんかひ,,,
コンサルタント料,こんさるたんとりょう,,,
業務受託料,ぎょうむじゅたくりょう,,,
耐荷重試験,たいかじゅうしけん,,,
負荷重試験,ふかじゅうしけん,,,
耐衝撃性試験,たいしょうげきせいしけん,,,
耐久性試験,たいきゅうせいしけん,,,
保温効果,ほおんこうか,,,
保冷効果,ほれいこうか,,,
保温・保冷効果,ほおん・ほれいこうか,,,
強度試験,きょうどしけん,,,
引張り強度試験,ひっぱりきょうどしけん,,,
引裂き強度試験,ひきさききょうどしけん,,,
取り付け強度試験,とりつけきょうどしけん,,,
耐熱試験,たいねつしけん,,,
耐冷試験,たいれいしけん,,,
耐熱・耐冷試験,たいねつ・たいれいしけん,,,
成分分析,せいぶんぶんせき,,,
安全性試験,あんぜんせいしけん,,,
虫の種類確認,むしのしゅるいかくにん,,,
細菌検査,さいきんけんさ,,,
細菌検査3項目,さいきんけんさ3こうもく,,,
施設点検,しせつてんけん,,,
細菌検査・施設点検,さいきんけんさ・しせつてんけん,,,
衛生検査,えいせいけんさ,,,
衛生立入検査,えいせいたちいりけんさ,,,
異物検査,いぶつけんさ,,,
保存試験,ほぞんしけん,,,
官能試験,かんのうしけん,,,
品質検査,ひんしつけんさ,,,
商品点検,しょうひんてんけん,,,
適正包装検査,てきせいほうそうけんさ,,,
栄養成分分析,えいようせいぶんぶんせき,,,
一般卵質検査,いっぱんらんしつけんさ,,,
表示シール代,ひょうじしーるだい,,,
